fname,lname,email,password,isVerified
Nora,Lopez,nora.lopez0@example.com,hashed_password,TRUE
Ramon,Silang,ramon.silang1@example.com,hashed_password,TRUE
Liza,Mendoza,liza.mendoza2@example.com,hashed_password,TRUE
Gina,Aquino,gina.aquino3@example.com,hashed_password,TRUE
Ninoy,Deleon,ninoy.deleon4@example.com,hashed_password,TRUE
Piolo,Mendoza,piolo.mendoza5@example.com,hashed_password,TRUE
Nora,Castillo,nora.castillo6@example.com,hashed_password,TRUE
Diego,Mercado,diego.mercado7@example.com,hashed_password,TRUE
Marian,Luna,marian.luna8@example.com,hashed_password,TRUE
Corazon,Fernandez,corazon.fernandez9@example.com,hashed_password,TRUE
Corazon,Morales,corazon.morales10@example.com,hashed_password,TRUE
Marian,Gomez,marian.gomez11@example.com,hashed_password,TRUE
Angel,Ortiz,angel.ortiz12@example.com,hashed_password,TRUE
Robin,Cruz,robin.cruz13@example.com,hashed_password,TRUE
Lani,Luna,lani.luna14@example.com,hashed_password,TRUE
Kris,Santos,kris.santos15@example.com,hashed_password,TRUE
Robin,Diaz,robin.diaz16@example.com,hashed_password,TRUE
Enrique,Castillo,enrique.castillo17@example.com,hashed_password,TRUE
John,Rodriguez,john.rodriguez18@example.com,hashed_password,TRUE
Marian,Deleon,marian.deleon19@example.com,hashed_password,TRUE
Bong,Luna,bong.luna20@example.com,hashed_password,TRUE
Marian,Santos,marian.santos21@example.com,hashed_password,TRUE
Dingdong,Ramos,dingdong.ramos22@example.com,hashed_password,TRUE
Angelica,Estrada,angelica.estrada23@example.com,hashed_password,TRUE
Richard,Fernandez,richard.fernandez24@example.com,hashed_password,TRUE
Angel,Estrada,angel.estrada25@example.com,hashed_password,TRUE
Richard,Morales,richard.morales26@example.com,hashed_password,TRUE
Jackie,Mendoza,jackie.mendoza27@example.com,hashed_password,TRUE
Angelica,Deleon,angelica.deleon28@example.com,hashed_password,TRUE
Gina,Castillo,gina.castillo29@example.com,hashed_password,TRUE
Fernando,Gomez,fernando.gomez30@example.com,hashed_password,TRUE
Piolo,Gomez,piolo.gomez31@example.com,hashed_password,TRUE
Bong,Rivera,bong.rivera32@example.com,hashed_password,TRUE
Angelica,Navarro,angelica.navarro33@example.com,hashed_password,TRUE
Liza,Deleon,liza.deleon34@example.com,hashed_password,TRUE
Edu,Cruz,edu.cruz35@example.com,hashed_password,TRUE
Anne,Mercado,anne.mercado36@example.com,hashed_password,TRUE
Kris,Navarro,kris.navarro37@example.com,hashed_password,TRUE
Ramon,Fernandez,ramon.fernandez38@example.com,hashed_password,TRUE
Sarah,Luna,sarah.luna39@example.com,hashed_password,TRUE
Angel,Mercado,angel.mercado40@example.com,hashed_password,TRUE
Fernando,Navarro,fernando.navarro41@example.com,hashed_password,TRUE
Ramon,Aquino,ramon.aquino42@example.com,hashed_password,TRUE
Sharon,Estrada,sharon.estrada43@example.com,hashed_password,TRUE
Sharon,Garcia,sharon.garcia44@example.com,hashed_password,TRUE
Richard,Flores,richard.flores45@example.com,hashed_password,TRUE
Lea,Aquino,lea.aquino46@example.com,hashed_password,TRUE
Lani,Magsaysay,lani.magsaysay47@example.com,hashed_password,TRUE
Kris,Rodriguez,kris.rodriguez48@example.com,hashed_password,TRUE
Vilma,Flores,vilma.flores49@example.com,hashed_password,TRUE
John,Alcantara,john.alcantara50@example.com,hashed_password,TRUE
Sarah,Aquino,sarah.aquino51@example.com,hashed_password,TRUE
Coco,Velasquez,coco.velasquez52@example.com,hashed_password,TRUE
Sarah,Ramos,sarah.ramos53@example.com,hashed_password,TRUE
Corazon,Santos,corazon.santos54@example.com,hashed_password,TRUE
Corazon,Diaz,corazon.diaz55@example.com,hashed_password,TRUE
Angelica,Ortiz,angelica.ortiz56@example.com,hashed_password,TRUE
Lani,Luna,lani.luna57@example.com,hashed_password,TRUE
Robin,Aquino,robin.aquino58@example.com,hashed_password,TRUE
Bong,Garcia,bong.garcia59@example.com,hashed_password,TRUE
Lea,Deleon,lea.deleon60@example.com,hashed_password,TRUE
Angelica,Rivera,angelica.rivera61@example.com,hashed_password,TRUE
Sarah,Lopez,sarah.lopez62@example.com,hashed_password,TRUE
Kris,Cruz,kris.cruz63@example.com,hashed_password,TRUE
Angel,Mendoza,angel.mendoza64@example.com,hashed_password,TRUE
Diego,Rodriguez,diego.rodriguez65@example.com,hashed_password,TRUE
Jackie,Luna,jackie.luna66@example.com,hashed_password,TRUE
Edu,Ramos,edu.ramos67@example.com,hashed_password,TRUE
Dingdong,Mercado,dingdong.mercado68@example.com,hashed_password,TRUE
Robin,Navarro,robin.navarro69@example.com,hashed_password,TRUE
Angel,Flores,angel.flores70@example.com,hashed_password,TRUE
Ninoy,Gomez,ninoy.gomez71@example.com,hashed_password,TRUE
Robin,Torres,robin.torres72@example.com,hashed_password,TRUE
Kris,Reyes,kris.reyes73@example.com,hashed_password,TRUE
Kris,Estrada,kris.estrada74@example.com,hashed_password,TRUE
Nora,Gatchalian,nora.gatchalian75@example.com,hashed_password,TRUE
Jackie,Alcantara,jackie.alcantara76@example.com,hashed_password,TRUE
Dingdong,Estrada,dingdong.estrada77@example.com,hashed_password,TRUE
Sarah,Estrada,sarah.estrada78@example.com,hashed_password,TRUE
Piolo,Castillo,piolo.castillo79@example.com,hashed_password,TRUE
Corazon,Santos,corazon.santos80@example.com,hashed_password,TRUE
Angel,Fernandez,angel.fernandez81@example.com,hashed_password,TRUE
John,Mercado,john.mercado82@example.com,hashed_password,TRUE
Fernando,Luna,fernando.luna83@example.com,hashed_password,TRUE
Dingdong,Garcia,dingdong.garcia84@example.com,hashed_password,TRUE
Anne,Alcantara,anne.alcantara85@example.com,hashed_password,TRUE
Kris,Reyes,kris.reyes86@example.com,hashed_password,TRUE
Piolo,Diaz,piolo.diaz87@example.com,hashed_password,TRUE
Ninoy,Diaz,ninoy.diaz88@example.com,hashed_password,TRUE
Kris,Mercado,kris.mercado89@example.com,hashed_password,TRUE
Lea,Santos,lea.santos90@example.com,hashed_password,TRUE
Jackie,Mendoza,jackie.mendoza91@example.com,hashed_password,TRUE
Marian,Lopez,marian.lopez92@example.com,hashed_password,TRUE
Ramon,Mercado,ramon.mercado93@example.com,hashed_password,TRUE
Vilma,Alcantara,vilma.alcantara94@example.com,hashed_password,TRUE
Nora,Alcantara,nora.alcantara95@example.com,hashed_password,TRUE
Lea,Alcantara,lea.alcantara96@example.com,hashed_password,TRUE
Anne,Mercado,anne.mercado97@example.com,hashed_password,TRUE
Angel,Rodriguez,angel.rodriguez98@example.com,hashed_password,TRUE
Corazon,Lacson,corazon.lacson99@example.com,hashed_password,TRUE
Richard,Mercado,richard.mercado100@example.com,hashed_password,TRUE
Bong,Navarro,bong.navarro101@example.com,hashed_password,TRUE
Edu,Torres,edu.torres102@example.com,hashed_password,TRUE
Dingdong,Lacson,dingdong.lacson103@example.com,hashed_password,TRUE
Jackie,Estrada,jackie.estrada104@example.com,hashed_password,TRUE
Marian,Rivera,marian.rivera105@example.com,hashed_password,TRUE
Piolo,Rivera,piolo.rivera106@example.com,hashed_password,TRUE
Liza,Gomez,liza.gomez107@example.com,hashed_password,TRUE
Angel,Morales,angel.morales108@example.com,hashed_password,TRUE
John,Mercado,john.mercado109@example.com,hashed_password,TRUE
Anne,Flores,anne.flores110@example.com,hashed_password,TRUE
Sharon,Ortiz,sharon.ortiz111@example.com,hashed_password,TRUE
Coco,Lacson,coco.lacson112@example.com,hashed_password,TRUE
Corazon,Aquino,corazon.aquino113@example.com,hashed_password,TRUE
Dingdong,Lacson,dingdong.lacson114@example.com,hashed_password,TRUE
Diego,Mercado,diego.mercado115@example.com,hashed_password,TRUE
Lea,Lopez,lea.lopez116@example.com,hashed_password,TRUE
Angel,Diaz,angel.diaz117@example.com,hashed_password,TRUE
Corazon,Castillo,corazon.castillo118@example.com,hashed_password,TRUE
Angelica,Lopez,angelica.lopez119@example.com,hashed_password,TRUE
Vic,Santos,vic.santos120@example.com,hashed_password,TRUE
Coco,Ortiz,coco.ortiz121@example.com,hashed_password,TRUE
Edu,Alcantara,edu.alcantara122@example.com,hashed_password,TRUE
Dingdong,Santos,dingdong.santos123@example.com,hashed_password,TRUE
Bea,Fernandez,bea.fernandez124@example.com,hashed_password,TRUE
Ramon,Torres,ramon.torres125@example.com,hashed_password,TRUE
Sarah,Reyes,sarah.reyes126@example.com,hashed_password,TRUE
Ninoy,Lacson,ninoy.lacson127@example.com,hashed_password,TRUE
Liza,Ortiz,liza.ortiz128@example.com,hashed_password,TRUE
Lea,Estrada,lea.estrada129@example.com,hashed_password,TRUE
Angel,Torres,angel.torres130@example.com,hashed_password,TRUE
Nora,Garcia,nora.garcia131@example.com,hashed_password,TRUE
Dingdong,Diaz,dingdong.diaz132@example.com,hashed_password,TRUE
John,Castillo,john.castillo133@example.com,hashed_password,TRUE
Ninoy,Cruz,ninoy.cruz134@example.com,hashed_password,TRUE
Corazon,Gomez,corazon.gomez135@example.com,hashed_password,TRUE
Vic,Estrada,vic.estrada136@example.com,hashed_password,TRUE
Piolo,Aquino,piolo.aquino137@example.com,hashed_password,TRUE
Vilma,Castillo,vilma.castillo138@example.com,hashed_password,TRUE
Kris,Flores,kris.flores139@example.com,hashed_password,TRUE
Enrique,Mercado,enrique.mercado140@example.com,hashed_password,TRUE
Ninoy,Cruz,ninoy.cruz141@example.com,hashed_password,TRUE
Gina,Reyes,gina.reyes142@example.com,hashed_password,TRUE
Richard,Fernandez,richard.fernandez143@example.com,hashed_password,TRUE
Vic,Velasquez,vic.velasquez144@example.com,hashed_password,TRUE
Ninoy,Estrada,ninoy.estrada145@example.com,hashed_password,TRUE
Edu,Mendoza,edu.mendoza146@example.com,hashed_password,TRUE
Sharon,Ortiz,sharon.ortiz147@example.com,hashed_password,TRUE
Coco,Velasquez,coco.velasquez148@example.com,hashed_password,TRUE
Edu,Magsaysay,edu.magsaysay149@example.com,hashed_password,TRUE
Corazon,Alcantara,corazon.alcantara150@example.com,hashed_password,TRUE
Piolo,Mercado,piolo.mercado151@example.com,hashed_password,TRUE
Luna,Diaz,luna.diaz152@example.com,hashed_password,TRUE
Lea,Aquino,lea.aquino153@example.com,hashed_password,TRUE
Lani,Deleon,lani.deleon154@example.com,hashed_password,TRUE
Diego,Mendoza,diego.mendoza155@example.com,hashed_password,TRUE
Lani,Ramos,lani.ramos156@example.com,hashed_password,TRUE
Ramon,Ramos,ramon.ramos157@example.com,hashed_password,TRUE
Richard,Torres,richard.torres158@example.com,hashed_password,TRUE
Nora,Torres,nora.torres159@example.com,hashed_password,TRUE
Corazon,Diaz,corazon.diaz160@example.com,hashed_password,TRUE
Bea,Mendoza,bea.mendoza161@example.com,hashed_password,TRUE
Ninoy,Garcia,ninoy.garcia162@example.com,hashed_password,TRUE
John,Pascual,john.pascual163@example.com,hashed_password,TRUE
Gina,Torres,gina.torres164@example.com,hashed_password,TRUE
Enrique,Sarmiento,enrique.sarmiento165@example.com,hashed_password,TRUE
Robin,Rivera,robin.rivera166@example.com,hashed_password,TRUE
Sarah,Lacson,sarah.lacson167@example.com,hashed_password,TRUE
Marian,Deleon,marian.deleon168@example.com,hashed_password,TRUE
Jackie,Gomez,jackie.gomez169@example.com,hashed_password,TRUE
Piolo,Santos,piolo.santos170@example.com,hashed_password,TRUE
Lani,Garcia,lani.garcia171@example.com,hashed_password,TRUE
Bong,Castillo,bong.castillo172@example.com,hashed_password,TRUE
Edu,Mendoza,edu.mendoza173@example.com,hashed_password,TRUE
Coco,Mercado,coco.mercado174@example.com,hashed_password,TRUE
Vilma,Rivera,vilma.rivera175@example.com,hashed_password,TRUE
Richard,Gatchalian,richard.gatchalian176@example.com,hashed_password,TRUE
Vilma,Aquino,vilma.aquino177@example.com,hashed_password,TRUE
Kris,Luna,kris.luna178@example.com,hashed_password,TRUE
Angelica,Pascual,angelica.pascual179@example.com,hashed_password,TRUE
Ninoy,Gomez,ninoy.gomez180@example.com,hashed_password,TRUE
Marian,Rivera,marian.rivera181@example.com,hashed_password,TRUE
Bong,Castillo,bong.castillo182@example.com,hashed_password,TRUE
Ramon,Torres,ramon.torres183@example.com,hashed_password,TRUE
Vilma,Ortiz,vilma.ortiz184@example.com,hashed_password,TRUE
Richard,Pascual,richard.pascual185@example.com,hashed_password,TRUE
Sarah,Mendoza,sarah.mendoza186@example.com,hashed_password,TRUE
Sharon,Estrada,sharon.estrada187@example.com,hashed_password,TRUE
Bea,Gatchalian,bea.gatchalian188@example.com,hashed_password,TRUE
Jackie,Rivera,jackie.rivera189@example.com,hashed_password,TRUE
Lea,Lopez,lea.lopez190@example.com,hashed_password,TRUE
Sarah,Velasquez,sarah.velasquez191@example.com,hashed_password,TRUE
Bea,Luna,bea.luna192@example.com,hashed_password,TRUE
Marian,Ortiz,marian.ortiz193@example.com,hashed_password,TRUE
Edu,Alcantara,edu.alcantara194@example.com,hashed_password,TRUE
Dingdong,Rivera,dingdong.rivera195@example.com,hashed_password,TRUE
Fernando,Sarmiento,fernando.sarmiento196@example.com,hashed_password,TRUE
Dingdong,Reyes,dingdong.reyes197@example.com,hashed_password,TRUE
Richard,Garcia,richard.garcia198@example.com,hashed_password,TRUE
Marian,Santos,marian.santos199@example.com,hashed_password,TRUE
